,mean,median
,balance,balance
year_and_month_activated_date,,
2019-10,2482.2341664709515,1524.409377
2019-11,1848.7043227127874,1082.0711729999998
2019-12,2018.7889055277144,1162.588384
2020-01,1854.5358888816234,1175.749847
2020-02,1747.3509772837192,994.841733
2020-03,1554.9730231185333,828.9548235
2020-04,1483.1831911315198,910.1419125
2020-05,1214.333732252146,734.5576815
2020-06,939.99799562357,472.7918625
2020-07,649.7176221283133,221.29129
